dataset,profile,method,method_label,mean,std,min,max,count
hateful_memes,all_average,ours_downstream_direct,Teacher-direct,50.0,0.0,50,50,3
hateful_memes,all_average,ours_influence_only,Teacher-no-loss,10.0,3.4641016151377544,8,14,3
hateful_memes,all_average,ours_kernel_ridge_student,Ours-online-KRR,32.666666666666664,9.018499505645789,24,42,3
hateful_memes,all_average,ours_krr_influence_only,Ours-online-KRR-no-loss,3.6666666666666665,2.0816659994661326,2,6,3
hateful_memes,all_average,ours_krr_loss_reduction_only,Ours-online-KRR-no-influence,7.0,5.196152422706632,4,13,3
hateful_memes,all_average,ours_loss_reduction_only,Teacher-no-influence,50.0,0.0,50,50,3
hateful_memes,all_average,ours_sample_package_direct,Teacher-pkg-direct,50.0,0.0,50,50,3
hateful_memes,all_average,ours_sample_package_influence_only,Teacher-pkg-no-loss,18.666666666666668,4.618802153517006,16,24,3
hateful_memes,all_average,ours_sample_package_krr,Ours-online-pkg-KRR,31.0,3.605551275463989,27,34,3
hateful_memes,all_average,ours_sample_package_krr_influence_only,Ours-online-pkg-KRR-no-loss,7.333333333333333,5.033222956847166,2,12,3
hateful_memes,all_average,ours_sample_package_krr_loss_reduction_only,Ours-online-pkg-KRR-no-influence,29.0,1.7320508075688772,28,31,3
hateful_memes,all_average,ours_sample_package_loss_reduction_only,Teacher-pkg-no-influence,49.333333333333336,0.5773502691896263,49,50,3
hateful_memes,all_average,ours_sample_package_task_operator,Ours-online-pkg-task,30.666666666666668,9.814954576223638,25,42,3
hateful_memes,all_average,ours_task_operator,Ours-online-task,15.0,3.0,12,18,3
hateful_memes,coreset_far_wrong,ours_downstream_direct,Teacher-direct,50.0,0.0,50,50,3
hateful_memes,coreset_far_wrong,ours_influence_only,Teacher-no-loss,50.0,0.0,50,50,3
hateful_memes,coreset_far_wrong,ours_kernel_ridge_student,Ours-online-KRR,46.0,3.0,43,49,3
hateful_memes,coreset_far_wrong,ours_krr_influence_only,Ours-online-KRR-no-loss,38.666666666666664,2.0816659994661326,37,41,3
hateful_memes,coreset_far_wrong,ours_krr_loss_reduction_only,Ours-online-KRR-no-influence,6.333333333333333,3.5118845842842465,3,10,3
hateful_memes,coreset_far_wrong,ours_loss_reduction_only,Teacher-no-influence,45.0,4.0,41,49,3
hateful_memes,coreset_far_wrong,ours_sample_package_direct,Teacher-pkg-direct,50.0,0.0,50,50,3
hateful_memes,coreset_far_wrong,ours_sample_package_influence_only,Teacher-pkg-no-loss,50.0,0.0,50,50,3
hateful_memes,coreset_far_wrong,ours_sample_package_krr,Ours-online-pkg-KRR,46.333333333333336,3.055050463303893,43,49,3
hateful_memes,coreset_far_wrong,ours_sample_package_krr_influence_only,Ours-online-pkg-KRR-no-loss,44.666666666666664,2.0816659994661326,43,47,3
hateful_memes,coreset_far_wrong,ours_sample_package_krr_loss_reduction_only,Ours-online-pkg-KRR-no-influence,18.666666666666668,4.04145188432738,15,23,3
hateful_memes,coreset_far_wrong,ours_sample_package_loss_reduction_only,Teacher-pkg-no-influence,48.333333333333336,0.5773502691896263,48,49,3
hateful_memes,coreset_far_wrong,ours_sample_package_task_operator,Ours-online-pkg-task,39.666666666666664,6.429100507328636,35,47,3
hateful_memes,coreset_far_wrong,ours_task_operator,Ours-online-task,28.0,11.269427669584644,21,41,3
hateful_memes,cosine,ours_downstream_direct,Teacher-direct,50.0,0.0,50,50,3
hateful_memes,cosine,ours_influence_only,Teacher-no-loss,49.0,0.0,49,49,3
hateful_memes,cosine,ours_kernel_ridge_student,Ours-online-KRR,43.0,3.4641016151377544,39,45,3
hateful_memes,cosine,ours_krr_influence_only,Ours-online-KRR-no-loss,30.0,7.54983443527075,23,38,3
hateful_memes,cosine,ours_krr_loss_reduction_only,Ours-online-KRR-no-influence,36.0,2.0,34,38,3
hateful_memes,cosine,ours_loss_reduction_only,Teacher-no-influence,48.666666666666664,2.3094010767585034,46,50,3
hateful_memes,cosine,ours_sample_package_direct,Teacher-pkg-direct,50.0,0.0,50,50,3
hateful_memes,cosine,ours_sample_package_influence_only,Teacher-pkg-no-loss,50.0,0.0,50,50,3
hateful_memes,cosine,ours_sample_package_krr,Ours-online-pkg-KRR,46.0,4.0,42,50,3
hateful_memes,cosine,ours_sample_package_krr_influence_only,Ours-online-pkg-KRR-no-loss,39.333333333333336,5.131601439446884,35,45,3
hateful_memes,cosine,ours_sample_package_krr_loss_reduction_only,Ours-online-pkg-KRR-no-influence,40.0,8.18535277187245,31,47,3
hateful_memes,cosine,ours_sample_package_loss_reduction_only,Teacher-pkg-no-influence,40.666666666666664,1.154700538379251,40,42,3
hateful_memes,cosine,ours_sample_package_task_operator,Ours-online-pkg-task,17.0,1.7320508075688772,15,18,3
hateful_memes,cosine,ours_task_operator,Ours-online-task,9.666666666666666,4.509249752822894,5,14,3
hateful_memes,kmeans_center,ours_downstream_direct,Teacher-direct,50.0,0.0,50,50,3
hateful_memes,kmeans_center,ours_influence_only,Teacher-no-loss,4.333333333333333,3.2145502536643185,2,8,3
hateful_memes,kmeans_center,ours_kernel_ridge_student,Ours-online-KRR,19.0,3.605551275463989,16,23,3
hateful_memes,kmeans_center,ours_krr_influence_only,Ours-online-KRR-no-loss,3.0,2.6457513110645907,0,5,3
hateful_memes,kmeans_center,ours_krr_loss_reduction_only,Ours-online-KRR-no-influence,28.0,7.54983443527075,20,35,3
hateful_memes,kmeans_center,ours_loss_reduction_only,Teacher-no-influence,50.0,0.0,50,50,3
hateful_memes,kmeans_center,ours_sample_package_direct,Teacher-pkg-direct,49.666666666666664,0.5773502691896247,49,50,3
hateful_memes,kmeans_center,ours_sample_package_influence_only,Teacher-pkg-no-loss,16.333333333333332,6.027713773341708,10,22,3
hateful_memes,kmeans_center,ours_sample_package_krr,Ours-online-pkg-KRR,26.666666666666668,0.5773502691896255,26,27,3
hateful_memes,kmeans_center,ours_sample_package_krr_influence_only,Ours-online-pkg-KRR-no-loss,9.666666666666666,7.505553499465135,2,17,3
hateful_memes,kmeans_center,ours_sample_package_krr_loss_reduction_only,Ours-online-pkg-KRR-no-influence,28.333333333333332,3.0550504633038935,25,31,3
hateful_memes,kmeans_center,ours_sample_package_loss_reduction_only,Teacher-pkg-no-influence,47.0,1.7320508075688772,45,48,3
hateful_memes,kmeans_center,ours_sample_package_task_operator,Ours-online-pkg-task,38.333333333333336,6.506407098647712,32,45,3
hateful_memes,kmeans_center,ours_task_operator,Ours-online-task,36.0,4.58257569495584,31,40,3
hateful_memes,noise,ours_downstream_direct,Teacher-direct,47.333333333333336,2.3094010767585034,46,50,3
hateful_memes,noise,ours_influence_only,Teacher-no-loss,50.0,0.0,50,50,3
hateful_memes,noise,ours_kernel_ridge_student,Ours-online-KRR,45.333333333333336,3.055050463303893,42,48,3
hateful_memes,noise,ours_krr_influence_only,Ours-online-KRR-no-loss,30.0,1.0,29,31,3
hateful_memes,noise,ours_krr_loss_reduction_only,Ours-online-KRR-no-influence,0.0,0.0,0,0,3
hateful_memes,noise,ours_loss_reduction_only,Teacher-no-influence,18.333333333333332,3.0550504633038935,15,21,3
hateful_memes,noise,ours_sample_package_direct,Teacher-pkg-direct,50.0,0.0,50,50,3
hateful_memes,noise,ours_sample_package_influence_only,Teacher-pkg-no-loss,50.0,0.0,50,50,3
hateful_memes,noise,ours_sample_package_krr,Ours-online-pkg-KRR,49.0,1.7320508075688772,47,50,3
hateful_memes,noise,ours_sample_package_krr_influence_only,Ours-online-pkg-KRR-no-loss,36.333333333333336,3.214550253664317,34,40,3
hateful_memes,noise,ours_sample_package_krr_loss_reduction_only,Ours-online-pkg-KRR-no-influence,11.333333333333334,2.3094010767585034,10,14,3
hateful_memes,noise,ours_sample_package_loss_reduction_only,Teacher-pkg-no-influence,39.333333333333336,6.429100507328636,32,44,3
hateful_memes,noise,ours_sample_package_task_operator,Ours-online-pkg-task,4.666666666666667,2.516611478423583,2,7,3
hateful_memes,noise,ours_task_operator,Ours-online-task,0.3333333333333333,0.5773502691896258,0,1,3
hateful_memes,typiclust_dense,ours_downstream_direct,Teacher-direct,50.0,0.0,50,50,3
hateful_memes,typiclust_dense,ours_influence_only,Teacher-no-loss,4.666666666666667,3.055050463303893,2,8,3
hateful_memes,typiclust_dense,ours_kernel_ridge_student,Ours-online-KRR,19.0,2.6457513110645907,17,22,3
hateful_memes,typiclust_dense,ours_krr_influence_only,Ours-online-KRR-no-loss,3.0,2.6457513110645907,0,5,3
hateful_memes,typiclust_dense,ours_krr_loss_reduction_only,Ours-online-KRR-no-influence,29.666666666666668,7.767453465154029,21,36,3
hateful_memes,typiclust_dense,ours_loss_reduction_only,Teacher-no-influence,50.0,0.0,50,50,3
hateful_memes,typiclust_dense,ours_sample_package_direct,Teacher-pkg-direct,49.666666666666664,0.5773502691896247,49,50,3
hateful_memes,typiclust_dense,ours_sample_package_influence_only,Teacher-pkg-no-loss,13.333333333333334,3.7859388972001824,9,16,3
hateful_memes,typiclust_dense,ours_sample_package_krr,Ours-online-pkg-KRR,30.0,1.0,29,31,3
hateful_memes,typiclust_dense,ours_sample_package_krr_influence_only,Ours-online-pkg-KRR-no-loss,8.666666666666666,5.131601439446884,3,13,3
hateful_memes,typiclust_dense,ours_sample_package_krr_loss_reduction_only,Ours-online-pkg-KRR-no-influence,34.666666666666664,0.5773502691896247,34,35,3
hateful_memes,typiclust_dense,ours_sample_package_loss_reduction_only,Teacher-pkg-no-influence,47.666666666666664,2.309401076758502,45,49,3
hateful_memes,typiclust_dense,ours_sample_package_task_operator,Ours-online-pkg-task,33.333333333333336,4.509249752822894,29,38,3
hateful_memes,typiclust_dense,ours_task_operator,Ours-online-task,24.333333333333332,5.859465277082316,20,31,3
hateful_memes,uncertainty_badge,ours_downstream_direct,Teacher-direct,50.0,0.0,50,50,3
hateful_memes,uncertainty_badge,ours_influence_only,Teacher-no-loss,28.666666666666668,1.154700538379251,28,30,3
hateful_memes,uncertainty_badge,ours_kernel_ridge_student,Ours-online-KRR,30.333333333333332,6.110100926607786,25,37,3
hateful_memes,uncertainty_badge,ours_krr_influence_only,Ours-online-KRR-no-loss,16.0,2.6457513110645907,13,18,3
hateful_memes,uncertainty_badge,ours_krr_loss_reduction_only,Ours-online-KRR-no-influence,19.0,1.0,18,20,3
hateful_memes,uncertainty_badge,ours_loss_reduction_only,Teacher-no-influence,49.666666666666664,0.5773502691896263,49,50,3
hateful_memes,uncertainty_badge,ours_sample_package_direct,Teacher-pkg-direct,49.666666666666664,0.5773502691896263,49,50,3
hateful_memes,uncertainty_badge,ours_sample_package_influence_only,Teacher-pkg-no-loss,37.666666666666664,4.509249752822895,33,42,3
hateful_memes,uncertainty_badge,ours_sample_package_krr,Ours-online-pkg-KRR,37.666666666666664,2.0816659994661326,36,40,3
hateful_memes,uncertainty_badge,ours_sample_package_krr_influence_only,Ours-online-pkg-KRR-no-loss,26.0,3.0,23,29,3
hateful_memes,uncertainty_badge,ours_sample_package_krr_loss_reduction_only,Ours-online-pkg-KRR-no-influence,34.333333333333336,1.5275252316519456,33,36,3
hateful_memes,uncertainty_badge,ours_sample_package_loss_reduction_only,Teacher-pkg-no-influence,50.0,0.0,50,50,3
hateful_memes,uncertainty_badge,ours_sample_package_task_operator,Ours-online-pkg-task,27.333333333333332,6.506407098647712,21,34,3
hateful_memes,uncertainty_badge,ours_task_operator,Ours-online-task,10.333333333333334,2.8867513459481287,7,12,3
hatespeech,all_average,ours_downstream_direct,Teacher-direct,50.0,0.0,50,50,3
hatespeech,all_average,ours_influence_only,Teacher-no-loss,20.0,8.888194417315589,13,30,3
hatespeech,all_average,ours_kernel_ridge_student,Ours-online-KRR,33.333333333333336,11.239810200058244,21,43,3
hatespeech,all_average,ours_krr_influence_only,Ours-online-KRR-no-loss,14.333333333333334,3.055050463303893,11,17,3
hatespeech,all_average,ours_krr_loss_reduction_only,Ours-online-KRR-no-influence,32.666666666666664,9.018499505645789,24,42,3
hatespeech,all_average,ours_loss_reduction_only,Teacher-no-influence,50.0,0.0,50,50,3
hatespeech,all_average,ours_sample_package_direct,Teacher-pkg-direct,50.0,0.0,50,50,3
hatespeech,all_average,ours_sample_package_influence_only,Teacher-pkg-no-loss,21.666666666666668,7.767453465154029,13,28,3
hatespeech,all_average,ours_sample_package_krr,Ours-online-pkg-KRR,32.0,3.4641016151377544,28,34,3
hatespeech,all_average,ours_sample_package_krr_influence_only,Ours-online-pkg-KRR-no-loss,14.0,3.605551275463989,11,18,3
hatespeech,all_average,ours_sample_package_krr_loss_reduction_only,Ours-online-pkg-KRR-no-influence,28.333333333333332,5.131601439446884,24,34,3
hatespeech,all_average,ours_sample_package_loss_reduction_only,Teacher-pkg-no-influence,44.666666666666664,7.571877794400366,36,50,3
hatespeech,all_average,ours_sample_package_task_operator,Ours-online-pkg-task,40.0,5.196152422706632,37,46,3
hatespeech,all_average,ours_task_operator,Ours-online-task,22.666666666666668,4.509249752822893,18,27,3
hatespeech,coreset_far_wrong,ours_downstream_direct,Teacher-direct,50.0,0.0,50,50,3
hatespeech,coreset_far_wrong,ours_influence_only,Teacher-no-loss,50.0,0.0,50,50,3
hatespeech,coreset_far_wrong,ours_kernel_ridge_student,Ours-online-KRR,49.666666666666664,0.5773502691896263,49,50,3
hatespeech,coreset_far_wrong,ours_krr_influence_only,Ours-online-KRR-no-loss,47.333333333333336,2.3094010767585034,46,50,3
hatespeech,coreset_far_wrong,ours_krr_loss_reduction_only,Ours-online-KRR-no-influence,49.333333333333336,0.5773502691896247,49,50,3
hatespeech,coreset_far_wrong,ours_loss_reduction_only,Teacher-no-influence,48.666666666666664,1.5275252316519474,47,50,3
hatespeech,coreset_far_wrong,ours_sample_package_direct,Teacher-pkg-direct,49.666666666666664,0.5773502691896263,49,50,3
hatespeech,coreset_far_wrong,ours_sample_package_influence_only,Teacher-pkg-no-loss,50.0,0.0,50,50,3
hatespeech,coreset_far_wrong,ours_sample_package_krr,Ours-online-pkg-KRR,49.333333333333336,0.5773502691896247,49,50,3
hatespeech,coreset_far_wrong,ours_sample_package_krr_influence_only,Ours-online-pkg-KRR-no-loss,49.0,1.7320508075688772,47,50,3
hatespeech,coreset_far_wrong,ours_sample_package_krr_loss_reduction_only,Ours-online-pkg-KRR-no-influence,48.0,0.0,48,48,3
hatespeech,coreset_far_wrong,ours_sample_package_loss_reduction_only,Teacher-pkg-no-influence,49.333333333333336,1.154700538379251,48,50,3
hatespeech,coreset_far_wrong,ours_sample_package_task_operator,Ours-online-pkg-task,41.333333333333336,4.932882862316246,38,47,3
hatespeech,coreset_far_wrong,ours_task_operator,Ours-online-task,38.666666666666664,6.658328118479393,31,43,3
hatespeech,cosine,ours_downstream_direct,Teacher-direct,50.0,0.0,50,50,3
hatespeech,cosine,ours_influence_only,Teacher-no-loss,47.666666666666664,2.516611478423584,45,50,3
hatespeech,cosine,ours_kernel_ridge_student,Ours-online-KRR,42.666666666666664,4.041451884327381,39,47,3
hatespeech,cosine,ours_krr_influence_only,Ours-online-KRR-no-loss,34.666666666666664,9.073771725877467,25,43,3
hatespeech,cosine,ours_krr_loss_reduction_only,Ours-online-KRR-no-influence,42.666666666666664,4.725815626252608,39,48,3
hatespeech,cosine,ours_loss_reduction_only,Teacher-no-influence,49.666666666666664,0.5773502691896263,49,50,3
hatespeech,cosine,ours_sample_package_direct,Teacher-pkg-direct,49.0,1.0,48,50,3
hatespeech,cosine,ours_sample_package_influence_only,Teacher-pkg-no-loss,50.0,0.0,50,50,3
hatespeech,cosine,ours_sample_package_krr,Ours-online-pkg-KRR,47.0,3.0,44,50,3
hatespeech,cosine,ours_sample_package_krr_influence_only,Ours-online-pkg-KRR-no-loss,46.333333333333336,2.0816659994661335,44,48,3
hatespeech,cosine,ours_sample_package_krr_loss_reduction_only,Ours-online-pkg-KRR-no-influence,46.0,1.7320508075688772,44,47,3
hatespeech,cosine,ours_sample_package_loss_reduction_only,Teacher-pkg-no-influence,43.333333333333336,6.6583281184793925,36,49,3
hatespeech,cosine,ours_sample_package_task_operator,Ours-online-pkg-task,27.333333333333332,10.016652800877813,16,35,3
hatespeech,cosine,ours_task_operator,Ours-online-task,9.0,4.0,5,13,3
hatespeech,kmeans_center,ours_downstream_direct,Teacher-direct,50.0,0.0,50,50,3
hatespeech,kmeans_center,ours_influence_only,Teacher-no-loss,9.666666666666666,4.618802153517007,7,15,3
hatespeech,kmeans_center,ours_kernel_ridge_student,Ours-online-KRR,25.0,7.810249675906654,20,34,3
hatespeech,kmeans_center,ours_krr_influence_only,Ours-online-KRR-no-loss,11.0,1.0,10,12,3
hatespeech,kmeans_center,ours_krr_loss_reduction_only,Ours-online-KRR-no-influence,27.0,6.082762530298219,23,34,3
hatespeech,kmeans_center,ours_loss_reduction_only,Teacher-no-influence,50.0,0.0,50,50,3
hatespeech,kmeans_center,ours_sample_package_direct,Teacher-pkg-direct,49.0,1.7320508075688772,47,50,3
hatespeech,kmeans_center,ours_sample_package_influence_only,Teacher-pkg-no-loss,20.0,4.0,16,24,3
hatespeech,kmeans_center,ours_sample_package_krr,Ours-online-pkg-KRR,36.666666666666664,5.859465277082316,30,41,3
hatespeech,kmeans_center,ours_sample_package_krr_influence_only,Ours-online-pkg-KRR-no-loss,18.0,4.358898943540674,13,21,3
hatespeech,kmeans_center,ours_sample_package_krr_loss_reduction_only,Ours-online-pkg-KRR-no-influence,33.0,6.557438524302,26,39,3
hatespeech,kmeans_center,ours_sample_package_loss_reduction_only,Teacher-pkg-no-influence,45.0,5.291502622129181,39,49,3
hatespeech,kmeans_center,ours_sample_package_task_operator,Ours-online-pkg-task,38.0,9.848857801796104,27,46,3
hatespeech,kmeans_center,ours_task_operator,Ours-online-task,33.666666666666664,12.662279942148386,20,45,3
hatespeech,noise,ours_downstream_direct,Teacher-direct,43.333333333333336,9.073771725877465,33,50,3
hatespeech,noise,ours_influence_only,Teacher-no-loss,50.0,0.0,50,50,3
hatespeech,noise,ours_kernel_ridge_student,Ours-online-KRR,49.333333333333336,0.5773502691896247,49,50,3
hatespeech,noise,ours_krr_influence_only,Ours-online-KRR-no-loss,34.333333333333336,9.71253485622231,26,45,3
hatespeech,noise,ours_krr_loss_reduction_only,Ours-online-KRR-no-influence,48.0,2.6457513110645907,45,50,3
hatespeech,noise,ours_loss_reduction_only,Teacher-no-influence,25.0,16.703293088490067,7,40,3
hatespeech,noise,ours_sample_package_direct,Teacher-pkg-direct,48.666666666666664,1.5275252316519468,47,50,3
hatespeech,noise,ours_sample_package_influence_only,Teacher-pkg-no-loss,50.0,0.0,50,50,3
hatespeech,noise,ours_sample_package_krr,Ours-online-pkg-KRR,50.0,0.0,50,50,3
hatespeech,noise,ours_sample_package_krr_influence_only,Ours-online-pkg-KRR-no-loss,45.333333333333336,2.309401076758502,44,48,3
hatespeech,noise,ours_sample_package_krr_loss_reduction_only,Ours-online-pkg-KRR-no-influence,50.0,0.0,50,50,3
hatespeech,noise,ours_sample_package_loss_reduction_only,Teacher-pkg-no-influence,42.333333333333336,8.144527815247077,33,48,3
hatespeech,noise,ours_sample_package_task_operator,Ours-online-pkg-task,17.333333333333332,6.5064070986477125,11,24,3
hatespeech,noise,ours_task_operator,Ours-online-task,4.666666666666667,4.509249752822894,0,9,3
hatespeech,typiclust_dense,ours_downstream_direct,Teacher-direct,50.0,0.0,50,50,3
hatespeech,typiclust_dense,ours_influence_only,Teacher-no-loss,7.0,5.291502622129181,3,13,3
hatespeech,typiclust_dense,ours_kernel_ridge_student,Ours-online-KRR,25.333333333333332,4.932882862316247,22,31,3
hatespeech,typiclust_dense,ours_krr_influence_only,Ours-online-KRR-no-loss,11.333333333333334,3.2145502536643185,9,15,3
hatespeech,typiclust_dense,ours_krr_loss_reduction_only,Ours-online-KRR-no-influence,25.0,5.291502622129181,21,31,3
hatespeech,typiclust_dense,ours_loss_reduction_only,Teacher-no-influence,50.0,0.0,50,50,3
hatespeech,typiclust_dense,ours_sample_package_direct,Teacher-pkg-direct,48.666666666666664,2.3094010767585034,46,50,3
hatespeech,typiclust_dense,ours_sample_package_influence_only,Teacher-pkg-no-loss,23.0,6.557438524302,16,29,3
hatespeech,typiclust_dense,ours_sample_package_krr,Ours-online-pkg-KRR,36.666666666666664,3.785938897200182,34,41,3
hatespeech,typiclust_dense,ours_sample_package_krr_influence_only,Ours-online-pkg-KRR-no-loss,21.0,3.4641016151377544,17,23,3
hatespeech,typiclust_dense,ours_sample_package_krr_loss_reduction_only,Ours-online-pkg-KRR-no-influence,34.333333333333336,5.033222956847167,29,39,3
hatespeech,typiclust_dense,ours_sample_package_loss_reduction_only,Teacher-pkg-no-influence,43.666666666666664,6.8068592855540455,36,49,3
hatespeech,typiclust_dense,ours_sample_package_task_operator,Ours-online-pkg-task,35.0,7.810249675906654,26,40,3
hatespeech,typiclust_dense,ours_task_operator,Ours-online-task,25.333333333333332,8.962886439832502,15,31,3
hatespeech,uncertainty_badge,ours_downstream_direct,Teacher-direct,50.0,0.0,50,50,3
hatespeech,uncertainty_badge,ours_influence_only,Teacher-no-loss,38.666666666666664,6.110100926607787,32,44,3
hatespeech,uncertainty_badge,ours_kernel_ridge_student,Ours-online-KRR,39.666666666666664,5.8594652770823155,33,44,3
hatespeech,uncertainty_badge,ours_krr_influence_only,Ours-online-KRR-no-loss,33.0,5.291502622129181,27,37,3
hatespeech,uncertainty_badge,ours_krr_loss_reduction_only,Ours-online-KRR-no-influence,36.333333333333336,6.110100926607787,31,43,3
hatespeech,uncertainty_badge,ours_loss_reduction_only,Teacher-no-influence,50.0,0.0,50,50,3
hatespeech,uncertainty_badge,ours_sample_package_direct,Teacher-pkg-direct,49.666666666666664,0.5773502691896263,49,50,3
hatespeech,uncertainty_badge,ours_sample_package_influence_only,Teacher-pkg-no-loss,43.333333333333336,5.686240703077327,37,48,3
hatespeech,uncertainty_badge,ours_sample_package_krr,Ours-online-pkg-KRR,42.333333333333336,0.5773502691896263,42,43,3
hatespeech,uncertainty_badge,ours_sample_package_krr_influence_only,Ours-online-pkg-KRR-no-loss,38.666666666666664,2.0816659994661326,37,41,3
hatespeech,uncertainty_badge,ours_sample_package_krr_loss_reduction_only,Ours-online-pkg-KRR-no-influence,40.333333333333336,0.5773502691896263,40,41,3
hatespeech,uncertainty_badge,ours_sample_package_loss_reduction_only,Teacher-pkg-no-influence,49.666666666666664,0.5773502691896263,49,50,3
hatespeech,uncertainty_badge,ours_sample_package_task_operator,Ours-online-pkg-task,27.333333333333332,3.5118845842842465,24,31,3
hatespeech,uncertainty_badge,ours_task_operator,Ours-online-task,10.666666666666666,3.2145502536643185,7,13,3
mscoco,all_average,ours_downstream_direct,Teacher-direct,50.0,0.0,50,50,3
mscoco,all_average,ours_influence_only,Teacher-no-loss,45.666666666666664,6.658328118479393,38,50,3
mscoco,all_average,ours_kernel_ridge_student,Ours-online-KRR,49.0,1.7320508075688772,47,50,3
mscoco,all_average,ours_krr_influence_only,Ours-online-KRR-no-loss,35.666666666666664,14.011899704655804,20,47,3
mscoco,all_average,ours_krr_loss_reduction_only,Ours-online-KRR-no-influence,47.666666666666664,4.04145188432738,43,50,3
mscoco,all_average,ours_loss_reduction_only,Teacher-no-influence,50.0,0.0,50,50,3
mscoco,all_average,ours_sample_package_direct,Teacher-pkg-direct,50.0,0.0,50,50,3
mscoco,all_average,ours_sample_package_influence_only,Teacher-pkg-no-loss,46.666666666666664,4.932882862316248,41,50,3
mscoco,all_average,ours_sample_package_krr,Ours-online-pkg-KRR,48.333333333333336,2.88675134594813,45,50,3
mscoco,all_average,ours_sample_package_krr_influence_only,Ours-online-pkg-KRR-no-loss,35.666666666666664,17.925772879665004,15,47,3
mscoco,all_average,ours_sample_package_krr_loss_reduction_only,Ours-online-pkg-KRR-no-influence,43.0,11.269427669584644,30,50,3
mscoco,all_average,ours_sample_package_loss_reduction_only,Teacher-pkg-no-influence,49.666666666666664,0.5773502691896247,49,50,3
mscoco,all_average,ours_sample_package_task_operator,Ours-online-pkg-task,31.666666666666668,20.502032419575706,8,44,3
mscoco,all_average,ours_task_operator,Ours-online-task,30.0,17.52141546793523,12,47,3
mscoco,coreset_far_wrong,ours_downstream_direct,Teacher-direct,50.0,0.0,50,50,3
mscoco,coreset_far_wrong,ours_influence_only,Teacher-no-loss,37.666666666666664,17.09775813764288,18,49,3
mscoco,coreset_far_wrong,ours_kernel_ridge_student,Ours-online-KRR,49.666666666666664,0.5773502691896263,49,50,3
mscoco,coreset_far_wrong,ours_krr_influence_only,Ours-online-KRR-no-loss,41.0,13.892443989449804,25,50,3
mscoco,coreset_far_wrong,ours_krr_loss_reduction_only,Ours-online-KRR-no-influence,48.666666666666664,2.309401076758502,46,50,3
mscoco,coreset_far_wrong,ours_loss_reduction_only,Teacher-no-influence,49.333333333333336,1.1547005383792526,48,50,3
mscoco,coreset_far_wrong,ours_sample_package_direct,Teacher-pkg-direct,49.333333333333336,0.5773502691896263,49,50,3
mscoco,coreset_far_wrong,ours_sample_package_influence_only,Teacher-pkg-no-loss,41.0,7.810249675906654,32,46,3
mscoco,coreset_far_wrong,ours_sample_package_krr,Ours-online-pkg-KRR,49.333333333333336,0.5773502691896263,49,50,3
mscoco,coreset_far_wrong,ours_sample_package_krr_influence_only,Ours-online-pkg-KRR-no-loss,40.333333333333336,9.291573243177568,30,48,3
mscoco,coreset_far_wrong,ours_sample_package_krr_loss_reduction_only,Ours-online-pkg-KRR-no-influence,47.666666666666664,4.04145188432738,43,50,3
mscoco,coreset_far_wrong,ours_sample_package_loss_reduction_only,Teacher-pkg-no-influence,49.333333333333336,0.5773502691896263,49,50,3
mscoco,coreset_far_wrong,ours_sample_package_task_operator,Ours-online-pkg-task,25.333333333333332,19.139836293274122,5,43,3
mscoco,coreset_far_wrong,ours_task_operator,Ours-online-task,19.0,22.869193252058544,2,45,3
mscoco,cosine,ours_downstream_direct,Teacher-direct,50.0,0.0,50,50,3
mscoco,cosine,ours_influence_only,Teacher-no-loss,19.0,21.633307652783937,1,43,3
mscoco,cosine,ours_kernel_ridge_student,Ours-online-KRR,45.666666666666664,6.658328118479392,38,50,3
mscoco,cosine,ours_krr_influence_only,Ours-online-KRR-no-loss,15.0,20.223748416156685,0,38,3
mscoco,cosine,ours_krr_loss_reduction_only,Ours-online-KRR-no-influence,45.0,8.660254037844387,35,50,3
mscoco,cosine,ours_loss_reduction_only,Teacher-no-influence,50.0,0.0,50,50,3
mscoco,cosine,ours_sample_package_direct,Teacher-pkg-direct,49.333333333333336,0.5773502691896263,49,50,3
mscoco,cosine,ours_sample_package_influence_only,Teacher-pkg-no-loss,27.666666666666668,16.289055630494154,9,39,3
mscoco,cosine,ours_sample_package_krr,Ours-online-pkg-KRR,42.333333333333336,13.279056191361393,27,50,3
mscoco,cosine,ours_sample_package_krr_influence_only,Ours-online-pkg-KRR-no-loss,22.666666666666668,15.37313674346694,5,33,3
mscoco,cosine,ours_sample_package_krr_loss_reduction_only,Ours-online-pkg-KRR-no-influence,43.0,12.12435565298214,29,50,3
mscoco,cosine,ours_sample_package_loss_reduction_only,Teacher-pkg-no-influence,49.333333333333336,0.5773502691896263,49,50,3
mscoco,cosine,ours_sample_package_task_operator,Ours-online-pkg-task,14.333333333333334,16.65332799572906,1,33,3
mscoco,cosine,ours_task_operator,Ours-online-task,11.666666666666666,18.475208614068027,1,33,3
mscoco,kmeans_center,ours_downstream_direct,Teacher-direct,48.666666666666664,2.309401076758502,46,50,3
mscoco,kmeans_center,ours_influence_only,Teacher-no-loss,49.666666666666664,0.5773502691896263,49,50,3
mscoco,kmeans_center,ours_kernel_ridge_student,Ours-online-KRR,46.333333333333336,3.214550253664317,44,50,3
mscoco,kmeans_center,ours_krr_influence_only,Ours-online-KRR-no-loss,48.666666666666664,1.5275252316519474,47,50,3
mscoco,kmeans_center,ours_krr_loss_reduction_only,Ours-online-KRR-no-influence,42.333333333333336,4.725815626252608,37,46,3
mscoco,kmeans_center,ours_loss_reduction_only,Teacher-no-influence,47.0,5.196152422706632,41,50,3
mscoco,kmeans_center,ours_sample_package_direct,Teacher-pkg-direct,48.0,3.4641016151377544,44,50,3
mscoco,kmeans_center,ours_sample_package_influence_only,Teacher-pkg-no-loss,47.333333333333336,2.081665999466132,45,49,3
mscoco,kmeans_center,ours_sample_package_krr,Ours-online-pkg-KRR,48.0,2.0,46,50,3
mscoco,kmeans_center,ours_sample_package_krr_influence_only,Ours-online-pkg-KRR-no-loss,45.0,3.605551275463989,41,48,3
mscoco,kmeans_center,ours_sample_package_krr_loss_reduction_only,Ours-online-pkg-KRR-no-influence,42.666666666666664,8.504900548115382,33,49,3
mscoco,kmeans_center,ours_sample_package_loss_reduction_only,Teacher-pkg-no-influence,46.0,6.082762530298219,39,50,3
mscoco,kmeans_center,ours_sample_package_task_operator,Ours-online-pkg-task,36.333333333333336,4.509249752822893,32,41,3
mscoco,kmeans_center,ours_task_operator,Ours-online-task,38.333333333333336,10.503967504392486,28,49,3
mscoco,noise,ours_downstream_direct,Teacher-direct,50.0,0.0,50,50,3
mscoco,noise,ours_influence_only,Teacher-no-loss,30.666666666666668,16.010413278030438,15,47,3
mscoco,noise,ours_kernel_ridge_student,Ours-online-KRR,49.666666666666664,0.5773502691896247,49,50,3
mscoco,noise,ours_krr_influence_only,Ours-online-KRR-no-loss,36.333333333333336,15.14375558880073,19,47,3
mscoco,noise,ours_krr_loss_reduction_only,Ours-online-KRR-no-influence,49.0,1.0,48,50,3
mscoco,noise,ours_loss_reduction_only,Teacher-no-influence,49.333333333333336,1.1547005383792526,48,50,3
mscoco,noise,ours_sample_package_direct,Teacher-pkg-direct,49.666666666666664,0.5773502691896247,49,50,3
mscoco,noise,ours_sample_package_influence_only,Teacher-pkg-no-loss,39.666666666666664,7.094598884597588,32,46,3
mscoco,noise,ours_sample_package_krr,Ours-online-pkg-KRR,48.666666666666664,2.309401076758502,46,50,3
mscoco,noise,ours_sample_package_krr_influence_only,Ours-online-pkg-KRR-no-loss,37.333333333333336,12.583057392117917,24,49,3
mscoco,noise,ours_sample_package_krr_loss_reduction_only,Ours-online-pkg-KRR-no-influence,48.0,3.4641016151377544,44,50,3
mscoco,noise,ours_sample_package_loss_reduction_only,Teacher-pkg-no-influence,49.333333333333336,1.1547005383792526,48,50,3
mscoco,noise,ours_sample_package_task_operator,Ours-online-pkg-task,14.666666666666666,21.1266025033211,1,39,3
mscoco,noise,ours_task_operator,Ours-online-task,14.333333333333334,23.115651263447745,0,41,3
mscoco,typiclust_dense,ours_downstream_direct,Teacher-direct,49.333333333333336,1.1547005383792526,48,50,3
mscoco,typiclust_dense,ours_influence_only,Teacher-no-loss,50.0,0.0,50,50,3
mscoco,typiclust_dense,ours_kernel_ridge_student,Ours-online-KRR,44.0,2.6457513110645907,42,47,3
mscoco,typiclust_dense,ours_krr_influence_only,Ours-online-KRR-no-loss,44.0,3.0,41,47,3
mscoco,typiclust_dense,ours_krr_loss_reduction_only,Ours-online-KRR-no-influence,43.666666666666664,5.131601439446885,38,48,3
mscoco,typiclust_dense,ours_loss_reduction_only,Teacher-no-influence,47.0,5.196152422706632,41,50,3
mscoco,typiclust_dense,ours_sample_package_direct,Teacher-pkg-direct,48.666666666666664,2.309401076758502,46,50,3
mscoco,typiclust_dense,ours_sample_package_influence_only,Teacher-pkg-no-loss,46.0,2.6457513110645907,44,49,3
mscoco,typiclust_dense,ours_sample_package_krr,Ours-online-pkg-KRR,46.666666666666664,1.5275252316519456,45,48,3
mscoco,typiclust_dense,ours_sample_package_krr_influence_only,Ours-online-pkg-KRR-no-loss,39.666666666666664,7.571877794400366,31,45,3
mscoco,typiclust_dense,ours_sample_package_krr_loss_reduction_only,Ours-online-pkg-KRR-no-influence,44.333333333333336,5.507570547286103,38,48,3
mscoco,typiclust_dense,ours_sample_package_loss_reduction_only,Teacher-pkg-no-influence,45.333333333333336,8.082903768654761,36,50,3
mscoco,typiclust_dense,ours_sample_package_task_operator,Ours-online-pkg-task,34.0,5.291502622129181,30,40,3
mscoco,typiclust_dense,ours_task_operator,Ours-online-task,37.0,12.12435565298214,26,50,3
mscoco,uncertainty_badge,ours_downstream_direct,Teacher-direct,50.0,0.0,50,50,3
mscoco,uncertainty_badge,ours_influence_only,Teacher-no-loss,27.0,20.663978319771825,10,50,3
mscoco,uncertainty_badge,ours_kernel_ridge_student,Ours-online-KRR,47.666666666666664,1.1547005383792526,47,49,3
mscoco,uncertainty_badge,ours_krr_influence_only,Ours-online-KRR-no-loss,31.666666666666668,17.50238079043344,14,49,3
mscoco,uncertainty_badge,ours_krr_loss_reduction_only,Ours-online-KRR-no-influence,49.0,1.0,48,50,3
mscoco,uncertainty_badge,ours_loss_reduction_only,Teacher-no-influence,50.0,0.0,50,50,3
mscoco,uncertainty_badge,ours_sample_package_direct,Teacher-pkg-direct,50.0,0.0,50,50,3
mscoco,uncertainty_badge,ours_sample_package_influence_only,Teacher-pkg-no-loss,37.0,5.5677643628300215,31,42,3
mscoco,uncertainty_badge,ours_sample_package_krr,Ours-online-pkg-KRR,44.333333333333336,0.5773502691896263,44,45,3
mscoco,uncertainty_badge,ours_sample_package_krr_influence_only,Ours-online-pkg-KRR-no-loss,33.0,11.269427669584644,20,40,3
mscoco,uncertainty_badge,ours_sample_package_krr_loss_reduction_only,Ours-online-pkg-KRR-no-influence,44.666666666666664,1.5275252316519456,43,46,3
mscoco,uncertainty_badge,ours_sample_package_loss_reduction_only,Teacher-pkg-no-influence,50.0,0.0,50,50,3
mscoco,uncertainty_badge,ours_sample_package_task_operator,Ours-online-pkg-task,21.666666666666668,19.00876990584434,3,41,3
mscoco,uncertainty_badge,ours_task_operator,Ours-online-task,18.333333333333332,24.90649179096352,2,47,3
