run_seed,dataset,profile,market_size,good_count,good_ratio,decoy_type_good_ratio,static_target_top_good_count,static_target_top_good_ratio,static_target_top_downstream_gain_mean,downstream_gain_mean_good,downstream_gain_mean_bad,anchor_test_auroc,anchor_test_macro_f1,anchor_test_acc
42,hateful_memes,noise,5000,500,0.1,1.0,0,0.0,-0.3882258236408233,3.1373093128204346,-0.6477302312850952,0.4885596132697947,0.3697478991596639,0.5866666666666667
42,hateful_memes,coreset_far_wrong,5000,500,0.1,1.0,0,0.0,-0.8992505669593811,3.1373093128204346,-0.4951044917106628,0.4885596132697947,0.3697478991596639,0.5866666666666667
42,hateful_memes,typiclust_dense,5000,500,0.1,0.976,0,0.0,-0.8106051683425903,3.1320960521698,-0.4456780254840851,0.4885596132697947,0.3697478991596639,0.5866666666666667
42,hateful_memes,kmeans_center,5000,500,0.1,0.98,2,0.04,-0.1681964844465255,3.1344690322875977,-0.440155565738678,0.4885596132697947,0.3697478991596639,0.5866666666666667
42,hateful_memes,uncertainty_badge,5000,500,0.1,1.0,0,0.0,-0.8096054792404175,3.1377804279327397,-0.334913432598114,0.4885596132697947,0.3697478991596639,0.5866666666666667
42,hateful_memes,cosine,5000,500,0.1,1.0,0,0.0,-0.235976830124855,3.164325475692749,-0.7130568027496338,0.4885596132697947,0.3697478991596639,0.5866666666666667
42,hateful_memes,all_average,5000,500,0.1,1.0,0,0.0,-1.13401460647583,3.1111292839050293,-1.6585686206817627,0.4885596132697947,0.3697478991596639,0.5866666666666667
42,hatespeech,noise,5000,500,0.1,1.0,0,0.0,-1.1104729175567627,3.0497443675994877,-1.0593665838241575,0.54664076,0.3333333333333333,0.5
42,hatespeech,coreset_far_wrong,5000,500,0.1,1.0,0,0.0,-1.7908369302749634,3.0497443675994877,-0.5607625246047974,0.54664076,0.3333333333333333,0.5
42,hatespeech,typiclust_dense,5000,500,0.1,1.0,1,0.02,1.1660853624343872,3.1340370178222656,-0.0898339971899986,0.54664076,0.3333333333333333,0.5
42,hatespeech,kmeans_center,5000,500,0.1,1.0,13,0.26,1.2091666460037231,3.134371280670166,-0.1260444074869156,0.54664076,0.3333333333333333,0.5
42,hatespeech,uncertainty_badge,5000,500,0.1,1.0,0,0.0,-0.7138774394989014,3.049468278884888,0.0030855459626764,0.54664076,0.3333333333333333,0.5
42,hatespeech,cosine,5000,500,0.1,1.0,0,0.0,-0.4169197380542755,3.1759066581726074,-0.7171201109886169,0.54664076,0.3333333333333333,0.5
42,hatespeech,all_average,5000,500,0.1,1.0,0,0.0,-0.7278119921684265,3.0952672958374023,-1.6674219369888306,0.54664076,0.3333333333333333,0.5
42,mscoco,noise,5000,500,0.1,1.0,0,0.0,-0.5131290555000305,4.274712085723877,-0.7372089624404907,0.78174140625,0.3333333333333333,0.5
42,mscoco,coreset_far_wrong,5000,500,0.1,1.0,0,0.0,-1.3847084045410156,4.274712085723877,-0.5456534028053284,0.78174140625,0.3333333333333333,0.5
42,mscoco,typiclust_dense,5000,500,0.1,0.946,19,0.38,3.0336132049560547,4.201720714569092,-0.3401635885238647,0.78174140625,0.3333333333333333,0.5
42,mscoco,kmeans_center,5000,500,0.1,0.942,6,0.12,2.0422229766845703,4.186466217041016,-0.3301368951797485,0.78174140625,0.3333333333333333,0.5
42,mscoco,uncertainty_badge,5000,500,0.1,1.0,0,0.0,-1.1108269691467283,4.274457931518555,-0.2113479524850845,0.78174140625,0.3333333333333333,0.5
42,mscoco,cosine,5000,500,0.1,1.0,0,0.0,0.8363646864891052,4.276025295257568,-0.6129725575447083,0.78174140625,0.3333333333333333,0.5
42,mscoco,all_average,5000,500,0.1,1.0,0,0.0,-0.519365131855011,4.184583187103272,-1.3665246963500977,0.78174140625,0.3333333333333333,0.5
43,hateful_memes,noise,5000,500,0.1,1.0,0,0.0,-0.7208417654037476,3.0367271900177,-0.8442856073379517,0.5274017137096775,0.3697478991596639,0.5866666666666667
43,hateful_memes,coreset_far_wrong,5000,500,0.1,1.0,0,0.0,-1.6392022371292114,3.0367271900177,-0.5476089119911194,0.5274017137096775,0.3697478991596639,0.5866666666666667
43,hateful_memes,typiclust_dense,5000,500,0.1,0.996,0,0.0,-0.9230153560638428,3.0195560455322266,-0.26322141289711,0.5274017137096775,0.3697478991596639,0.5866666666666667
43,hateful_memes,kmeans_center,5000,500,0.1,0.996,0,0.0,-0.877391517162323,3.018044233322144,-0.2897198796272278,0.5274017137096775,0.3697478991596639,0.5866666666666667
43,hateful_memes,uncertainty_badge,5000,500,0.1,1.0,0,0.0,-0.9102982878684998,3.036726951599121,-0.2078939080238342,0.5274017137096775,0.3697478991596639,0.5866666666666667
43,hateful_memes,cosine,5000,500,0.1,1.0,0,0.0,-0.1476597934961319,3.0346622467041016,-0.6832488179206848,0.5274017137096775,0.3697478991596639,0.5866666666666667
43,hateful_memes,all_average,5000,500,0.1,1.0,0,0.0,-0.8414545655250549,3.0056231021881104,-1.5199354887008667,0.5274017137096775,0.3697478991596639,0.5866666666666667
43,hatespeech,noise,5000,500,0.1,1.0,0,0.0,-0.8791103363037109,3.258908271789551,-0.995230495929718,0.5615220599999999,0.3333333333333333,0.5
43,hatespeech,coreset_far_wrong,5000,500,0.1,1.0,0,0.0,-1.5134156942367554,3.258908271789551,-0.6172556281089783,0.5615220599999999,0.3333333333333333,0.5
43,hatespeech,typiclust_dense,5000,500,0.1,0.996,5,0.1,1.6605333089828491,3.251215934753418,-0.1414831578731537,0.5615220599999999,0.3333333333333333,0.5
43,hatespeech,kmeans_center,5000,500,0.1,0.996,8,0.16,0.4808047115802765,3.251251220703125,-0.1678623110055923,0.5615220599999999,0.3333333333333333,0.5
43,hatespeech,uncertainty_badge,5000,500,0.1,1.0,0,0.0,-1.13863205909729,3.259305000305176,-0.0608318001031875,0.5615220599999999,0.3333333333333333,0.5
43,hatespeech,cosine,5000,500,0.1,1.0,0,0.0,-0.2730390429496765,3.2598531246185303,-0.7681699395179749,0.5615220599999999,0.3333333333333333,0.5
43,hatespeech,all_average,5000,500,0.1,1.0,0,0.0,-0.8977676630020142,3.2257983684539795,-1.7512564659118652,0.5615220599999999,0.3333333333333333,0.5
43,mscoco,noise,5000,500,0.1,1.0,0,0.0,-0.2950916588306427,4.558297634124756,-0.970439910888672,0.88774971875,0.3333333333333333,0.5
43,mscoco,coreset_far_wrong,5000,500,0.1,1.0,0,0.0,-2.458691120147705,4.558297634124756,-0.6429193615913391,0.88774971875,0.3333333333333333,0.5
43,mscoco,typiclust_dense,5000,500,0.1,0.992,1,0.02,-0.5179106593132019,4.451669216156006,-0.3094576299190521,0.88774971875,0.3333333333333333,0.5
43,mscoco,kmeans_center,5000,500,0.1,0.99,0,0.0,-1.1332165002822876,4.448598861694336,-0.2872015237808227,0.88774971875,0.3333333333333333,0.5
43,mscoco,uncertainty_badge,5000,500,0.1,1.0,0,0.0,-0.7458735704421997,4.558297634124756,-0.0508032031357288,0.88774971875,0.3333333333333333,0.5
43,mscoco,cosine,5000,500,0.1,1.0,0,0.0,-0.6839900016784668,4.531881809234619,-0.6269510388374329,0.88774971875,0.3333333333333333,0.5
43,mscoco,all_average,5000,500,0.1,1.0,0,0.0,-0.9679070115089417,4.385838031768799,-1.4439268112182615,0.88774971875,0.3333333333333333,0.5
44,hateful_memes,noise,5000,500,0.1,1.0,0,0.0,-0.254233717918396,3.042984962463379,-0.7076489925384521,0.4995413306451612,0.3697478991596639,0.5866666666666667
44,hateful_memes,coreset_far_wrong,5000,500,0.1,1.0,0,0.0,-1.0915158987045288,3.042984962463379,-0.5239107012748718,0.4995413306451612,0.3697478991596639,0.5866666666666667
44,hateful_memes,typiclust_dense,5000,500,0.1,0.982,0,0.0,-0.702067494392395,3.048330068588257,-0.4040898382663727,0.4995413306451612,0.3697478991596639,0.5866666666666667
44,hateful_memes,kmeans_center,5000,500,0.1,0.984,1,0.02,-0.874503493309021,3.043095588684082,-0.3946430683135986,0.4995413306451612,0.3697478991596639,0.5866666666666667
44,hateful_memes,uncertainty_badge,5000,500,0.1,1.0,0,0.0,-0.8426257371902466,3.042985200881958,-0.3240346312522888,0.4995413306451612,0.3697478991596639,0.5866666666666667
44,hateful_memes,cosine,5000,500,0.1,1.0,0,0.0,-0.2934778034687042,3.064713716506958,-0.7147368788719177,0.4995413306451612,0.3697478991596639,0.5866666666666667
44,hateful_memes,all_average,5000,500,0.1,1.0,0,0.0,-1.3400945663452148,3.0166244506835938,-1.6389797925949097,0.4995413306451612,0.3697478991596639,0.5866666666666667
44,hatespeech,noise,5000,500,0.1,1.0,0,0.0,-1.1485024690628052,3.2671103477478027,-1.1576926708221436,0.5578234799999999,0.3333333333333333,0.5
44,hatespeech,coreset_far_wrong,5000,500,0.1,1.0,0,0.0,-1.86658239364624,3.2671103477478027,-0.6408644914627075,0.5578234799999999,0.3333333333333333,0.5
44,hatespeech,typiclust_dense,5000,500,0.1,0.994,0,0.0,1.3250263929367063,3.271244764328003,-0.0227245558053255,0.5578234799999999,0.3333333333333333,0.5
44,hatespeech,kmeans_center,5000,500,0.1,0.994,5,0.1,1.1143805980682373,3.2700178623199463,-0.0725276991724968,0.5578234799999999,0.3333333333333333,0.5
44,hatespeech,uncertainty_badge,5000,500,0.1,1.0,0,0.0,-1.0437103509902954,3.2669341564178467,-0.0143175078555941,0.5578234799999999,0.3333333333333333,0.5
44,hatespeech,cosine,5000,500,0.1,1.0,0,0.0,-0.5408658385276794,3.2896878719329834,-0.7276204228401184,0.5578234799999999,0.3333333333333333,0.5
44,hatespeech,all_average,5000,500,0.1,1.0,0,0.0,-0.5801328420639038,3.237567186355591,-1.6137266159057615,0.5578234799999999,0.3333333333333333,0.5
44,mscoco,noise,5000,500,0.1,0.552,0,0.0,0.2168596684932708,3.4178407192230225,-0.3341064155101776,0.6010899062499999,0.3333333333333333,0.5
44,mscoco,coreset_far_wrong,5000,500,0.1,0.552,0,0.0,-0.8198252320289612,3.4178407192230225,-0.373291015625,0.6010899062499999,0.3333333333333333,0.5
44,mscoco,typiclust_dense,5000,500,0.1,0.546,0,0.0,-0.469120979309082,3.3114731311798096,-0.648842453956604,0.6010899062499999,0.3333333333333333,0.5
44,mscoco,kmeans_center,5000,500,0.1,0.526,0,0.0,-0.6363164782524109,3.252525329589844,-0.6298099756240845,0.6010899062499999,0.3333333333333333,0.5
44,mscoco,uncertainty_badge,5000,500,0.1,0.552,2,0.04,-1.1279698610305786,3.4178407192230225,-0.2206302732229232,0.6010899062499999,0.3333333333333333,0.5
44,mscoco,cosine,5000,500,0.1,0.766,50,1.0,4.2632341384887695,3.2861196994781494,-0.4374900758266449,0.6010899062499999,0.3333333333333333,0.5
44,mscoco,all_average,5000,500,0.1,0.748,3,0.06,0.0913013666868209,3.2153470516204834,-1.0842411518096924,0.6010899062499999,0.3333333333333333,0.5
